{
  "DLSVersion": "2.1.6",
  "Name": "BINARY AND",
  "NameLocation": 0,
  "ChipType": 0,
  "Size": {
    "x": 1.44167,
    "y": 1.125
  },
  "Colour": {
    "r": 0.440465063,
    "g": 0.5775974,
    "b": 0.7572072,
    "a": 1
  },
  "InputPins":[
    {
      "Name":"IN",
      "ID":722216841,
      "Position":{
        "x":-5.25,
        "y":2.91667
      },
      "BitCount":1,
      "Colour":0,
      "ValueDisplayMode":0
    },
    {
      "Name":"IN",
      "ID":1689653962,
      "Position":{
        "x":-5.125,
        "y":1.61667
      },
      "BitCount":1,
      "Colour":0,
      "ValueDisplayMode":0
    }
  ],
  "OutputPins":[
    {
      "Name":"OUT",
      "ID":1470541942,
      "Position":{
        "x":-1.3,
        "y":2.24167
      },
      "BitCount":1,
      "Colour":0,
      "ValueDisplayMode":0
    }
  ],
  "SubChips":[],
  "Wires":[],
  "Displays":[]
}