{
  "DLSVersion": "2.1.6",
  "Name": "DIAGRAM",
  "NameLocation": 0,
  "ChipType": 0,
  "Size": {
    "x": 1.175,
    "y": 0.75
  },
  "Colour": {
    "r": 0.08044305,
    "g": 0.4061743,
    "b": 0.3537999,
    "a": 1
  },
  "InputPins":[
    {
      "Name":"IN",
      "ID":563897659,
      "Position":{
        "x":-4.75,
        "y":2.8125
      },
      "BitCount":1,
      "Colour":0,
      "ValueDisplayMode":0
    },
    {
      "Name":"IN",
      "ID":324066854,
      "Position":{
        "x":-2.875,
        "y":2.8125
      },
      "BitCount":1,
      "Colour":0,
      "ValueDisplayMode":0
    },
    {
      "Name":"IN",
      "ID":1425838686,
      "Position":{
        "x":-1.0,
        "y":2.8125
      },
      "BitCount":1,
      "Colour":0,
      "ValueDisplayMode":0
    }
  ],
  "OutputPins":[],
  "SubChips":[
    {
      "Name":"ADD",
      "ID":1305631089,
      "Label":"",
      "Position":{
        "x":-1.39417,
        "y":0.125
      },
      "OutputPinColourInfo":[{"PinColour":0,"PinID":1470541942}],
      "InternalData":null
    },
    {
      "Name":"ADD",
      "ID":1732373482,
      "Label":"",
      "Position":{
        "x":4.35583,
        "y":0.125
      },
      "OutputPinColourInfo":[{"PinColour":0,"PinID":1470541942}],
      "InternalData":null
    },
    {
      "Name":"MULTIPLY",
      "ID":1023663123,
      "Label":"",
      "Position":{
        "x":-3.26917,
        "y":1.875
      },
      "OutputPinColourInfo":[{"PinColour":0,"PinID":1470541942}],
      "InternalData":null
    },
    {
      "Name":"MULTIPLY",
      "ID":202092523,
      "Label":"",
      "Position":{
        "x":-1.39417,
        "y":1.875
      },
      "OutputPinColourInfo":[{"PinColour":0,"PinID":1470541942}],
      "InternalData":null
    },
    {
      "Name":"MULTIPLY",
      "ID":423157161,
      "Label":"",
      "Position":{
        "x":0.48083,
        "y":1.875
      },
      "OutputPinColourInfo":[{"PinColour":0,"PinID":1470541942}],
      "InternalData":null
    },
    {
      "Name":"BINARY MUX",
      "ID":1101289046,
      "Label":"",
      "Position":{
        "x":-3.26917,
        "y":0.125
      },
      "OutputPinColourInfo":[{"PinColour":0,"PinID":1470541942}],
      "InternalData":null
    },
    {
      "Name":"BINARY MUX",
      "ID":1490457815,
      "Label":"",
      "Position":{
        "x":-3.26917,
        "y":-1.25
      },
      "OutputPinColourInfo":[{"PinColour":0,"PinID":1470541942}],
      "InternalData":null
    },
    {
      "Name":"MINUS",
      "ID":429526400,
      "Label":"",
      "Position":{
        "x":-1.39417,
        "y":-1.25
      },
      "OutputPinColourInfo":[{"PinColour":0,"PinID":1470541942}],
      "InternalData":null
    },
    {
      "Name":"SPLITTER",
      "ID":1270608249,
      "Label":"",
      "Position":{
        "x":-5.14417,
        "y":0.125
      },
      "OutputPinColourInfo":[{"PinColour":0,"PinID":1470541942},{"PinColour":0,"PinID":1843021140},{"PinColour":0,"PinID":929337016}],
      "InternalData":null
    },
    {
      "Name":"SPLITTER",
      "ID":1032142304,
      "Label":"",
      "Position":{
        "x":-5.14417,
        "y":-1.25
      },
      "OutputPinColourInfo":[{"PinColour":0,"PinID":1470541942},{"PinColour":0,"PinID":1843021140},{"PinColour":0,"PinID":929337016}],
      "InternalData":null
    },
    {
      "Name":"SPLITTER",
      "ID":1585137283,
      "Label":"",
      "Position":{
        "x":0.60583,
        "y":0.125
      },
      "OutputPinColourInfo":[{"PinColour":0,"PinID":1470541942},{"PinColour":0,"PinID":1843021140},{"PinColour":0,"PinID":929337016}],
      "InternalData":null
    },
    {
      "Name":"SPLITTER",
      "ID":1610446316,
      "Label":"",
      "Position":{
        "x":0.60583,
        "y":-1.25
      },
      "OutputPinColourInfo":[{"PinColour":0,"PinID":1470541942},{"PinColour":0,"PinID":1843021140},{"PinColour":0,"PinID":929337016}],
      "InternalData":null
    },
    {
      "Name":"BINARY MUX",
      "ID":1297577222,
      "Label":"",
      "Position":{
        "x":2.48083,
        "y":0.125
      },
      "OutputPinColourInfo":[{"PinColour":0,"PinID":1470541942}],
      "InternalData":null
    },
    {
      "Name":"BINARY MUX",
      "ID":1135914712,
      "Label":"",
      "Position":{
        "x":2.48083,
        "y":-1.25
      },
      "OutputPinColourInfo":[{"PinColour":0,"PinID":1470541942}],
      "InternalData":null
    },
    {
      "Name":"ADD",
      "ID":1243839777,
      "Label":"",
      "Position":{
        "x":4.35583,
        "y":-1.25
      },
      "OutputPinColourInfo":[{"PinColour":0,"PinID":1470541942}],
      "InternalData":null
    },
    {
      "Name":"SPLITTER",
      "ID":407459382,
      "Label":"",
      "Position":{
        "x":-7.01917,
        "y":-0.5625
      },
      "OutputPinColourInfo":[{"PinColour":0,"PinID":1470541942},{"PinColour":0,"PinID":1843021140},{"PinColour":0,"PinID":929337016}],
      "InternalData":null
    }
  ],
  "Wires":[
    {
      "SourcePinAddress":{
        "PinID":0,
        "PinOwnerID":563897659
      },
      "TargetPinAddress":{
        "PinID":722216841,
        "PinOwnerID":1023663123
      },
      "ConnectionType":0,
      "ConnectedWireIndex":-1,
      "ConnectedWireSegmentIndex":-1,
      "Points":[{"x":0.0,"y":0.0},{"x":0.0,"y":0.0}]
    },
    {
      "SourcePinAddress":{
        "PinID":0,
        "PinOwnerID":324066854
      },
      "TargetPinAddress":{
        "PinID":722216841,
        "PinOwnerID":202092523
      },
      "ConnectionType":0,
      "ConnectedWireIndex":-1,
      "ConnectedWireSegmentIndex":-1,
      "Points":[{"x":0.0,"y":0.0},{"x":0.0,"y":0.0}]
    },
    {
      "SourcePinAddress":{
        "PinID":0,
        "PinOwnerID":1425838686
      },
      "TargetPinAddress":{
        "PinID":722216841,
        "PinOwnerID":423157161
      },
      "ConnectionType":0,
      "ConnectedWireIndex":-1,
      "ConnectedWireSegmentIndex":-1,
      "Points":[{"x":0.0,"y":0.0},{"x":0.0,"y":0.0}]
    },
    {
      "SourcePinAddress":{
        "PinID":1470541942,
        "PinOwnerID":1023663123
      },
      "TargetPinAddress":{
        "PinID":722216841,
        "PinOwnerID":1270608249
      },
      "ConnectionType":0,
      "ConnectedWireIndex":-1,
      "ConnectedWireSegmentIndex":-1,
      "Points":[{"x":0.0,"y":0.0},{"x":-2.375,"y":1.875},{"x":-2.375,"y":1.125},{"x":-6.0625,"y":1.125},{"x":-6.0625,"y":0.125},{"x":0.0,"y":0.0}]
    },
    {
      "SourcePinAddress":{
        "PinID":1470541942,
        "PinOwnerID":1270608249
      },
      "TargetPinAddress":{
        "PinID":722216841,
        "PinOwnerID":1101289046
      },
      "ConnectionType":0,
      "ConnectedWireIndex":-1,
      "ConnectedWireSegmentIndex":-1,
      "Points":[{"x":0.0,"y":0.0},{"x":0.0,"y":0.0}]
    },
    {
      "SourcePinAddress":{
        "PinID":929337016,
        "PinOwnerID":1270608249
      },
      "TargetPinAddress":{
        "PinID":722216841,
        "PinOwnerID":1032142304
      },
      "ConnectionType":0,
      "ConnectedWireIndex":-1,
      "ConnectedWireSegmentIndex":-1,
      "Points":[{"x":0.0,"y":0.0},{"x":-4.25,"y":-0.3125},{"x":-4.25,"y":-0.5625},{"x":-6.0625,"y":-0.5625},{"x":-6.0625,"y":-1.25},{"x":0.0,"y":0.0}]
    },
    {
      "SourcePinAddress":{
        "PinID":929337016,
        "PinOwnerID":1032142304
      },
      "TargetPinAddress":{
        "PinID":1689653962,
        "PinOwnerID":1490457815
      },
      "ConnectionType":0,
      "ConnectedWireIndex":-1,
      "ConnectedWireSegmentIndex":-1,
      "Points":[{"x":0.0,"y":0.0},{"x":0.0,"y":0.0}]
    },
    {
      "SourcePinAddress":{
        "PinID":1843021140,
        "PinOwnerID":1032142304
      },
      "TargetPinAddress":{
        "PinID":722216841,
        "PinOwnerID":429526400
      },
      "ConnectionType":0,
      "ConnectedWireIndex":-1,
      "ConnectedWireSegmentIndex":-1,
      "Points":[{"x":0.0,"y":0.0},{"x":-4.25,"y":-1.25},{"x":-4.1875,"y":-1.25},{"x":-4.1875,"y":-0.9375},{"x":-4.125,"y":-0.9375},{"x":-4.125,"y":-0.625},{"x":-2.375,"y":-0.625},{"x":-2.375,"y":-0.8125},{"x":0.0,"y":0.0}]
    },
    {
      "SourcePinAddress":{
        "PinID":1470541942,
        "PinOwnerID":1032142304
      },
      "TargetPinAddress":{
        "PinID":1689653962,
        "PinOwnerID":1305631089
      },
      "ConnectionType":0,
      "ConnectedWireIndex":-1,
      "ConnectedWireSegmentIndex":-1,
      "Points":[{"x":0.0,"y":0.0},{"x":-4.1875,"y":-0.8125},{"x":-4.1875,"y":-0.5},{"x":-2.375,"y":-0.5},{"x":-2.375,"y":-0.3125},{"x":0.0,"y":0.0}]
    },
    {
      "SourcePinAddress":{
        "PinID":1470541942,
        "PinOwnerID":202092523
      },
      "TargetPinAddress":{
        "PinID":722216841,
        "PinOwnerID":1585137283
      },
      "ConnectionType":0,
      "ConnectedWireIndex":-1,
      "ConnectedWireSegmentIndex":-1,
      "Points":[{"x":0.0,"y":0.0},{"x":-0.5,"y":1.875},{"x":-0.5,"y":1.125},{"x":-0.25,"y":1.125},{"x":-0.25,"y":0.125},{"x":0.0,"y":0.0}]
    },
    {
      "SourcePinAddress":{
        "PinID":929337016,
        "PinOwnerID":1585137283
      },
      "TargetPinAddress":{
        "PinID":722216841,
        "PinOwnerID":1610446316
      },
      "ConnectionType":0,
      "ConnectedWireIndex":-1,
      "ConnectedWireSegmentIndex":-1,
      "Points":[{"x":0.0,"y":0.0},{"x":1.5,"y":-0.3125},{"x":1.5,"y":-0.5625},{"x":-0.25,"y":-0.5625},{"x":-0.25,"y":-1.25},{"x":0.0,"y":0.0}]
    },
    {
      "SourcePinAddress":{
        "PinID":1470541942,
        "PinOwnerID":1585137283
      },
      "TargetPinAddress":{
        "PinID":722216841,
        "PinOwnerID":1297577222
      },
      "ConnectionType":0,
      "ConnectedWireIndex":-1,
      "ConnectedWireSegmentIndex":-1,
      "Points":[{"x":0.0,"y":0.0},{"x":0.0,"y":0.0}]
    },
    {
      "SourcePinAddress":{
        "PinID":929337016,
        "PinOwnerID":1610446316
      },
      "TargetPinAddress":{
        "PinID":1689653962,
        "PinOwnerID":1135914712
      },
      "ConnectionType":0,
      "ConnectedWireIndex":-1,
      "ConnectedWireSegmentIndex":-1,
      "Points":[{"x":0.0,"y":0.0},{"x":0.0,"y":0.0}]
    },
    {
      "SourcePinAddress":{
        "PinID":1470541942,
        "PinOwnerID":1610446316
      },
      "TargetPinAddress":{
        "PinID":1689653962,
        "PinOwnerID":1732373482
      },
      "ConnectionType":0,
      "ConnectedWireIndex":-1,
      "ConnectedWireSegmentIndex":-1,
      "Points":[{"x":0.0,"y":0.0},{"x":1.5625,"y":-0.8125},{"x":1.5625,"y":-0.5},{"x":3.4375,"y":-0.5},{"x":3.4375,"y":-0.25},{"x":3.4375,"y":-0.3125},{"x":0.0,"y":0.0}]
    },
    {
      "SourcePinAddress":{
        "PinID":1843021140,
        "PinOwnerID":1610446316
      },
      "TargetPinAddress":{
        "PinID":722216841,
        "PinOwnerID":1243839777
      },
      "ConnectionType":0,
      "ConnectedWireIndex":-1,
      "ConnectedWireSegmentIndex":-1,
      "Points":[{"x":0.0,"y":0.0},{"x":1.625,"y":-1.25},{"x":1.625,"y":-0.625},{"x":3.4375,"y":-0.625},{"x":3.4375,"y":-0.8125},{"x":0.0,"y":0.0}]
    },
    {
      "SourcePinAddress":{
        "PinID":1470541942,
        "PinOwnerID":1135914712
      },
      "TargetPinAddress":{
        "PinID":1689653962,
        "PinOwnerID":1243839777
      },
      "ConnectionType":0,
      "ConnectedWireIndex":-1,
      "ConnectedWireSegmentIndex":-1,
      "Points":[{"x":0.0,"y":0.0},{"x":0.0,"y":0.0}]
    },
    {
      "SourcePinAddress":{
        "PinID":1470541942,
        "PinOwnerID":429526400
      },
      "TargetPinAddress":{
        "PinID":722216841,
        "PinOwnerID":1305631089
      },
      "ConnectionType":0,
      "ConnectedWireIndex":-1,
      "ConnectedWireSegmentIndex":-1,
      "Points":[{"x":0.0,"y":0.0},{"x":0.0,"y":0.0}]
    }
  ],
  "Displays": null
}