{
  "DLSVersion": "2.1.6",
  "Name": "SPLITTER",
  "NameLocation": 0,
  "ChipType": 0,
  "Size": {
    "x": 1.44167,
    "y": 1.125
  },
  "Colour": {
    "r": 0.711538255,
    "g": 0.08588157,
    "b": 0.3138544,
    "a": 1
  },
  "InputPins":[
    {
      "Name":"IN",
      "ID":722216841,
      "Position":{
        "x":-5.25,
        "y":2.91667
      },
      "BitCount":1,
      "Colour":0,
      "ValueDisplayMode":0
    }
  ],
  "OutputPins":[
    {
      "Name":"OUT",
      "ID":1470541942,
      "Position":{
        "x":-1.3,
        "y":2.24167
      },
      "BitCount":1,
      "Colour":0,
      "ValueDisplayMode":0
    },
    {
      "Name":"OUT",
      "ID":1843021140,
      "Position":{
        "x":-2.125,
        "y":1.5625
      },
      "BitCount":1,
      "Colour":0,
      "ValueDisplayMode":0
    },
    {
      "Name":"OUT",
      "ID":929337016,
      "Position":{
        "x":-0.875,
        "y":0.1875
      },
      "BitCount":1,
      "Colour":0,
      "ValueDisplayMode":0
    }
  ],
  "SubChips":[],
  "Wires":[],
  "Displays":[]
}