{
  "ProjectName": "IFR",
  "DLSVersion_LastSaved": "2.1.6",
  "DLSVersion_EarliestCompatible": "2.0.0",
  "CreationTime": "2025-08-18T00:01:04.921+01:00",
  "LastSaveTime": "2025-08-18T00:48:22.310+01:00",
  "Prefs_MainPinNamesDisplayMode": 1,
  "Prefs_ChipPinNamesDisplayMode": 1,
  "Prefs_GridDisplayMode": 1,
  "Prefs_Snapping": 1,
  "Prefs_StraightWires": 2,
  "Prefs_SimPaused": false,
  "Prefs_SimTargetStepsPerSecond": 1000,
  "Prefs_SimStepsPerClockTick": 250,
  "AllCustomChipNames":[
    "ADD",
    "DIVIDE",
    "MINUS",
    "MULTIPLY",
    "BINARY AND",
    "EQUALITY",
    "BINARY OR",
    "BINARY XOR",
    "DIAGRAM",
    "BINARY MUX",
    "SPLITTER"
  ],
  "StarredList":[
    {
      "Name":"IN/OUT",
      "IsCollection":true
    },
    {
      "Name":"NAND",
      "IsCollection":false
    },
    {
      "Name":"BASIC",
      "IsCollection":true
    },
    {
      "Name":"THINGS",
      "IsCollection":true
    },
    {
      "Name":"DIAGRAM",
      "IsCollection":false
    },
    {
      "Name":"BINARY MUX",
      "IsCollection":false
    },
    {
      "Name":"SPLITTER",
      "IsCollection":false
    }
  ],
  "ChipCollections":[
    {
      "Chips":["NAND","CLOCK","PULSE","KEY","3-STATE BUFFER"],
      "IsToggledOpen":true,
      "Name":"BASIC"
    },
    {
      "Chips":["IN-1","IN-4","IN-8","OUT-1","OUT-4","OUT-8"],
      "IsToggledOpen":false,
      "Name":"IN/OUT"
    },
    {
      "Chips":["1-4BIT","1-8BIT","4-8BIT","4-1BIT","8-4BIT","8-1BIT"],
      "IsToggledOpen":false,
      "Name":"MERGE/SPLIT"
    },
    {
      "Chips":["BUS-1","BUS-4","BUS-8"],
      "IsToggledOpen":false,
      "Name":"BUS"
    },
    {
      "Chips":["7-SEGMENT","DOT DISPLAY","RGB DISPLAY","LED"],
      "IsToggledOpen":false,
      "Name":"DISPLAY"
    },
    {
      "Chips":["ROM 256×16"],
      "IsToggledOpen":false,
      "Name":"MEMORY"
    },
    {
      "Chips":["BUZZER"],
      "IsToggledOpen":false,
      "Name":"OTHER"
    },
    {
      "Chips":["MULTIPLY","DIVIDE","ADD","MINUS","EQUALITY","BINARY AND","BINARY OR","BINARY XOR"],
      "IsToggledOpen":false,
      "Name":"THINGS"
    }
  ]
}